id,reconcile,deprecated,code,name,user_type_id/id
1,False,False,1,ACTIVO,account.data_account_type_vista
101,False,False,101,ACTIVO CORRIENTE,account.data_account_type_vista
10101,False,False,10101,EFECTIVO Y EQUIVALENTES AL EFECTIVO,account.data_account_type_vista
1010101,False,False,1010101,DISPONIBLE,account.data_account_type_vista
101010101,False,False,101010101,CAJA GENERAL / FONDO POR DEPOSITAR,account.data_account_type_liquidity
101010102,False,False,101010102,CAJA CHICA,account.data_account_type_vista
10101010201,False,False,10101010201,CAJA CHICA 1,account.data_account_type_liquidity
10101010202,False,False,10101010202,CAJA CHICA 2,account.data_account_type_liquidity
10101010203,False,False,10101010203,CAJA CHICA 3,account.data_account_type_liquidity
101010103,False,False,101010103,EFECTOS DE COBRO INMEDIATO (CHEQUES),account.data_account_type_liquidity
101010104,False,False,101010104,EFECTOS DE COBRO INMEDIATO (TARJETAS DE CRÉDITO),account.data_account_type_liquidity
101010105,False,False,101010105,BANCOS,account.data_account_type_vista
10101010501,False,False,10101010501,BANCO DE LOJA CTA CTE 2900652118,account.data_account_type_liquidity
10101010502,False,False,10101010502,BANCO PICHINCHA CTA AHO 3460266600,account.data_account_type_liquidity
10101010503,False,False,10101010503,BANCO GUAYAQUIL CTA CTE 9928944,account.data_account_type_liquidity
10101010504,False,False,10101010504,BANCO BOLIVARIANO CTA AHO,account.data_account_type_liquidity
10101010505,False,False,10101010505,BANCO SOLIDARIO CTA AHO,account.data_account_type_liquidity
10101010506,False,False,10101010506,COOPMEGO CTA AHO,account.data_account_type_liquidity
10101010507,False,False,10101010507,BANCO DE LOJA CTA AHO PABLO JARAMILLO,account.data_account_type_liquidity
10101010508,False,False,10101010508,BANCO DE LOJA CRECEDIARIO,account.data_account_type_liquidity
101010106,False,False,101010106,FONDO ROTATIVO,account.data_account_type_liquidity
101010107,False,False,101010107,INVERSIONES TEMPORALES,account.data_account_type_vista
10101010701,False,False,10101010701,COOPMEGO POLIZA,account.data_account_type_liquidity
10102,False,False,10102,ACTIVOS FINANCIEROS,account.data_account_type_vista
1010201,False,False,1010201,ACTIVOS FINANCIEROS A VALOR RAZONABLE CON CAMBIOS EN RESULTADOS,account.data_account_type_current_assets
1010202,False,False,1010202,ACTIVOS FINANCIEROS DISPONIBLES PARA LA VENTA,account.data_account_type_current_assets
1010203,False,False,1010203,ACTIVOS FINANCIEROS MANTENIDOS HASTA EL VENCIMIENTO,account.data_account_type_current_assets
1010204,False,False,1010204,(-) PROVISION POR DETERIORO,account.data_account_type_current_assets
1010205,False,False,1010205,DOCUMENTOS Y CUENTAS POR COBRAR CLIENTES NO RELACIONADOS,account.data_account_type_vista
101020501,True,True,101020501,DE ACTIVIDADES ORDINARIAS QUE GENEREN INTERESES,account.data_account_type_vista
10102050101,True,True,10102050101,CARTERA DE CLIENTES NO RELACIONADOS,account.data_account_type_receivable
10102050102,True,True,10102050102,CHEQUES DEVUELTOS / PROTESTADOS,account.data_account_type_receivable
101020502,True,True,101020502,DE ACTIVIDADES ORDINARIAS QUE NO GENEREN INTERESES,account.data_account_type_vista
10102050201,True,True,10102050201,CARTERA DE CLIENTES NO RELACIONADOS,account.data_account_type_receivable
10102050202,True,True,10102050202,CHEQUES DEVUELTOS / PROTESTADOS,account.data_account_type_receivable
1010206,True,True,1010206,DOCUMENTOS Y CUENTAS POR COBRAR CLIENTES RELACIONADOS,account.data_account_type_receivable
1010207,True,True,1010207,OTRAS CUENTAS POR COBRAR RELACIONADAS,account.data_account_type_receivable
1010208,True,True,1010208,OTRAS CUENTAS POR COBRAR,account.data_account_type_vista
101020801,True,True,101020801, RETENCIONES POR COBRAR,account.data_account_type_receivable
101020802,True,True,101020802,PRESTAMOS A EMPLEADOS,account.data_account_type_receivable
101020803,True,True,101020803,CUENTAS POR COBRAR VARIAS,account.data_account_type_receivable
101020804,True,True,101020804,SERVICIOS Y OTROS PAGOS ANTICIPADOS,account.data_account_type_receivable
101020805,True,True,101020805,ANTICIPO SUELDOS EMPLEADOS,account.data_account_type_receivable
101020806,True,True,101020806,ANTICIPO DE VIATICOS,account.data_account_type_receivable
1010209,False,False,1010209,(-) PROVISIÓN CUENTAS INCOBRABLES Y DETERIORO,account.data_account_type_current_assets
10103,False,False,10103,INVENTARIOS,account.data_account_type_vista
1010301,False,False,1010301,INVENTARIOS DE MATERIA PRIMA,account.data_account_type_current_assets
1010302,False,False,1010302,INVENTARIOS DE PRODUCTOS EN PROCESO,account.data_account_type_current_assets
1010303,False,False,1010303,INVENTARIOS DE SUMINISTROS O MATERIALES A SER CONSUMIDOS EN EL PROCESO DE PRODUCCIÓN,account.data_account_type_current_assets
1010304,False,False,1010304,INVENTARIOS DE SUMINISTROS O MATERIALES A SER CONSUMIDOS EN LA PRESTACIÓN DE SERVICIO,account.data_account_type_current_assets
1010305,False,False,1010305,INVENTARIOS DE PRODUCTOS TERMINADOS Y MERCADERIA EN ALMACÉN - PRODUCIDO POR LA COMPAÑÍA,account.data_account_type_current_assets
1010306,False,False,1010306,INVENTARIOS DE PRODUCTOS TERMINADOS Y MERCADERIA EN ALMACÉN - COMPRADO DE TERCEROS,account.data_account_type_current_assets
1010307,False,False,1010307,MERCADERÍAS EN TRÁNSITO,account.data_account_type_current_assets
1010308,False,False,1010308,OBRAS EN CONSTRUCCION,account.data_account_type_current_assets
1010309,False,False,1010309,OBRAS TERMINADAS,account.data_account_type_current_assets
1010310,False,False,1010310,MATERIALES O BIENES PARA LA CONSTRUCCIÓN,account.data_account_type_current_assets
1010311,False,False,1010311,"INVENTARIOS REPUESTOS, HERRAMIENTAS Y ACCESORIOS",account.data_account_type_current_assets
1010312,False,False,1010312,OTROS INVENTARIOS,account.data_account_type_current_assets
1010313,False,False,1010313,(-) PROVISIÓN POR VALOR NETO DE REALIZACIÓN Y OTRAS PÉRDIDAS EN EL INVENTARIO,account.data_account_type_current_assets
10104,False,False,10104,SERVICIOS Y OTROS PAGOS ANTICIPADOS,account.data_account_type_vista
1010401,True,True,1010401,SEGUROS PAGADOS POR ANTICIPADO,account.data_account_type_prepayments
1010402,True,True,1010402,ARRIENDOS PAGADOS POR ANTICIPADO,account.data_account_type_prepayments
1010403,True,True,1010403,ANTICIPOS A PROVEEDORES,account.data_account_type_prepayments
1010404,True,True,1010404,OTROS ANTICIPOS ENTREGADOS,account.data_account_type_prepayments
10105,False,False,10105,ACTIVOS POR IMPUESTOS CORRIENTES,account.data_account_type_vista
1010501,False,False,1010501,CRÉDITO TRIBUTARIO A FAVOR DE LA EMPRESA (IVA),account.data_account_type_vista
101050101,False,False,101050101,ANTICIPO RETENCION IVA 10%,account.data_account_type_non_current_assets
101050102,False,False,101050102,ANTICIPO RETENCION IVA 20%,account.data_account_type_non_current_assets
101050103,False,False,101050103,ANTICIPO RETENCION IVA 30%,account.data_account_type_non_current_assets
101050104,False,False,101050104,ANTICIPO RETENCION IVA 70%,account.data_account_type_non_current_assets
101050105,False,False,101050105,ANTICIPO RETENCION IVA 100%,account.data_account_type_non_current_assets
1010502,False,False,1010502,CRÉDITO TRIBUTARIO A FAVOR DE LA EMPRESA ( I. R.),account.data_account_type_vista
101050201,False,False,101050201,ANTICIPO RETENCION EN LA FUENTE 1%,account.data_account_type_non_current_assets
101050202,False,False,101050202,ANTICIPO RETENCION EN LA FUENTE 2%,account.data_account_type_non_current_assets
101050203,False,False,101050203,ANTICIPO RETENCION EN LA FUENTE 8%,account.data_account_type_non_current_assets
101050204,False,False,101050204,ANTICIPO RETENCION EN LA FUENTE 10%,account.data_account_type_non_current_assets
1010503,False,False,1010503,ANTICIPO DE IMPUESTO A LA RENTA,account.data_account_type_non_current_assets
10106,False,False,10106,ACTIVOS NO CORRIENTES MANTENIDOS PARA LA VENTA Y OPERACIONES DISCONTINUADAS,account.data_account_type_non_current_assets
10107,False,False,10107,CONSTRUCCIONES EN PROCESO (NIC 11 Y SECC.23 PYMES),account.data_account_type_fixed_assets
10108,False,False,10108,OTROS ACTIVOS CORRIENTES,account.data_account_type_non_current_assets
1010801,False,False,1010801,IMPUESTOS FISCALES,account.data_account_type_vista
101080101,False,False,101080101,IVA PAGADO (IVA COMPRAS) (529-104),account.data_account_type_vista
10108010101,False,False,10108010101,IVA ADQUISICIONES Y PAGOS (EXCLUYE ACTIVOS FIJOS) GRAVADOS TARIFA 12% (CON DERECHO A CRÉDITO TRIBUTARIO),account.data_account_type_non_current_assets
10108010102,False,False,10108010102,IVA ADQUISICIONES LOCALES DE ACTIVOS FIJOS GRAVADOS TARIFA 12% (CON DERECHO A CRÉDITO TRIBUTARIO),account.data_account_type_non_current_assets
10108010103,False,False,10108010103,IVA OTRAS ADQUISICIONES Y PAGOS GRAVADOS TARIFA 12% (SIN DERECHO A CRÉDITO TRIBUTARIO),account.data_account_type_non_current_assets
10108010104,False,False,10108010104,IVA IMPORTACIONES DE SERVICIOS GRAVADOS TARIFA 12%,account.data_account_type_non_current_assets
10108010105,False,False,10108010105,IVA IMPORTACIONES DE BIENES (EXCLUYE ACTIVOS FIJOS) GRAVADOS TARIFA 12%,account.data_account_type_non_current_assets
10108010106,False,False,10108010106,IVA IMPORTACIONES DE ACTIVOS FIJOS GRAVADOS TARIFA 12%,account.data_account_type_non_current_assets
10108010107,False,False,10108010107,IVA IMPORTACIONES DE BIENES (INCLUYE ACTIVOS FIJOS) GRAVADOS TARIFA 0%,account.data_account_type_non_current_assets
10108010108,False,False,10108010108,ADQUISICIONES Y PAGOS (INCLUYE ACTIVOS FIJOS) GRAVADOS TARIFA 0%,account.data_account_type_non_current_assets
10108010109,False,False,10108010109,ADQUISICIONES REALIZADAS A CONTRIBUYENTES RISE ,account.data_account_type_non_current_assets
10108010110,False,False,10108010110,ADQUISICIONES NO OBJETO DE IVA,account.data_account_type_non_current_assets
10108010111,False,False,10108010111,ADQUISICIONES EXENTAS DEL PAGO DE IVA,account.data_account_type_non_current_assets
102,False,False,102,ACTIVO NO CORRIENTE,account.data_account_type_vista
10201,False,False,10201,"PROPIEDADES, PLANTA Y EQUIPO",account.data_account_type_vista
1020101,False,False,1020101,TERRENOS,account.data_account_type_fixed_assets
1020102,False,False,1020102,EDIFICIOS,account.data_account_type_fixed_assets
1020103,False,False,1020103,CONTRUCCIONES EN CURSO,account.data_account_type_fixed_assets
1020104,False,False,1020104,INSTALACIONES,account.data_account_type_fixed_assets
1020105,False,False,1020105,MUEBLES Y ENSERES,account.data_account_type_fixed_assets
1020106,False,False,1020106,MAQUINARIA Y EQUIPO,account.data_account_type_fixed_assets
1020107,False,False,1020107,"NAVES, AERONAVES, BARCAZAS Y SIMILARES",account.data_account_type_fixed_assets
1020108,False,False,1020108,EQUIPO DE COMPUTACIÓN,account.data_account_type_fixed_assets
1020109,False,False,1020109,"VEHÍCULOS, EQUIPOS DE TRANSPORTE Y EQUIPO CAMINERO MÓVIL",account.data_account_type_fixed_assets
1020110,False,False,1020110,"OTROS PROPIEDADES, PLANTA Y EQUIPO",account.data_account_type_fixed_assets
1020111,False,False,1020111,REPUESTOS Y HERRAMIENTAS,account.data_account_type_fixed_assets
1020112,False,False,1020112,"(-) DEPRECIACIÓN ACUMULADA PROPIEDADES, PLANTA Y EQUIPO",account.data_account_type_fixed_assets
1020113,False,False,1020113,"(-) DETERIORO  ACUMULADO DE PROPIEDADES, PLANTA Y EQUIPO",account.data_account_type_fixed_assets
1020114,False,False,1020114,ACTIVOS DE EXPLORACION Y EXPLOTACION,account.data_account_type_vista
102011401,False,False,102011401,ACTIVOS DE EXPLORACIÓN Y EXPLOTACIÓN,account.data_account_type_fixed_assets
102011402,False,False,102011402,(-) AMORTIZACIÓN ACUMULADA DE ACTIVOS DE EXLORACIÓN Y EXPLOTACIÓN,account.data_account_type_fixed_assets
102011403,False,False,102011403,(-) DETERIORO ACUMULADO DE ACTIVOS DE EXPLORACIÓN Y EXPLOTACIÓN,account.data_account_type_fixed_assets
10202,False,False,10202,PROPIEDADES DE INVERSIÓN,account.data_account_type_vista
1020201,False,False,1020201,TERRENOS,account.data_account_type_fixed_assets
1020202,False,False,1020202,EDIFICIOS,account.data_account_type_fixed_assets
1020203,False,False,1020203,(-) DEPRECIACION ACUMULADA DE PROPIEDADES DE INVERSIÓN,account.data_account_type_fixed_assets
1020204,False,False,1020204,(-) DETERIORO ACUMULADO DE PROPIEDADES DE INVERSIÓN,account.data_account_type_fixed_assets
10203,False,False,10203,ACTIVOS BIOLOGICOS,account.data_account_type_vista
1020301,False,False,1020301,ANIMALES VIVOS EN CRECIMIENTO,account.data_account_type_fixed_assets
1020302,False,False,1020302,ANIMALES VIVOS EN PRODUCCIÓN,account.data_account_type_fixed_assets
1020303,False,False,1020303,PLANTAS EN CRECIMIENTO,account.data_account_type_fixed_assets
1020304,False,False,1020304,PLANTAS EN PRODUCCIÓN,account.data_account_type_fixed_assets
1020305,False,False,1020305,(-) DEPRECIACIÓN ACUMULADA DE ACTIVOS BIOLÓGICOS,account.data_account_type_fixed_assets
1020306,False,False,1020306,(-) DETERIORO ACUMULADO DE ACTIVOS BIOLÓGICOS,account.data_account_type_fixed_assets
10204,False,False,10204,ACTIVO INTANGIBLE,account.data_account_type_vista
1020401,False,False,1020401,PLUSVALÍAS,account.data_account_type_fixed_assets
1020402,False,False,1020402,"MARCAS, PATENTES, DERECHOS DE LLAVE, CUOTAS PATRIMONIALES  Y OTROS SIMILARES",account.data_account_type_fixed_assets
1020403,False,False,1020403,ACTIVOS DE EXPLORACION Y EXPLOTACION,account.data_account_type_fixed_assets
1020404,False,False,1020404,(-) AMORTIZACIÓN ACUMULADA DE ACTIVO INTANGIBLE,account.data_account_type_fixed_assets
1020405,False,False,1020405,(-) DETERIORO ACUMULADO DE ACTIVO INTANGIBLE,account.data_account_type_fixed_assets
1020406,False,False,1020406,OTROS INTANGIBLES,account.data_account_type_fixed_assets
10205,False,False,10205,ACTIVOS POR IMPUESTOS DIFERIDOS,account.data_account_type_fixed_assets
10206,False,False,10206,ACTIVOS FINANCIEROS NO CORRIENTES,account.data_account_type_vista
1020601,False,False,1020601,ACTIVOS FINANCIEROS MANTENIDOS HASTA EL VENCIMIENTO,account.data_account_type_fixed_assets
1020602,False,False,1020602,(-) PROVISIÓN POR DETERIORO DE ACTIVOS FINANCIEROS MANTENIDOS HASTA EL VENCIMIENTO,account.data_account_type_fixed_assets
1020603,False,False,1020603,DOCUMENTOS Y CUENTAS POR COBRAR,account.data_account_type_fixed_assets
1020604,False,False,1020604,(-) PROVISIÓN CUENTAS INCOBRABLES DE ACTIVOS FINANCIEROS NO CORRIENTES,account.data_account_type_fixed_assets
10207,False,False,10207,OTROS ACTIVOS NO CORRIENTES,account.data_account_type_vista
1020701,False,False,1020701,INVERSIONES SUBSIDIARIAS,account.data_account_type_fixed_assets
1020702,False,False,1020702,INVERSIONES ASOCIADAS,account.data_account_type_fixed_assets
1020703,False,False,1020703,INVERSIONES NEGOCIOS CONJUNTOS,account.data_account_type_fixed_assets
1020704,False,False,1020704,OTRAS INVERSIONES,account.data_account_type_fixed_assets
1020705,False,False,1020705,(-) PROVISIÓN VALUACIÓN DE INVERSIONES,account.data_account_type_fixed_assets
1020706,False,False,1020706,OTROS ACTIVOS NO CORRIENTES,account.data_account_type_fixed_assets
2,False,False,2,PASIVO,account.data_account_type_vista
201,False,False,201,PASIVO CORRIENTE,account.data_account_type_vista
20101,False,False,20101,PASIVOS FINANCIEROS A VALOR RAZONABLE CON CAMBIOS EN RESULTADO,account.data_account_type_current_liabilities
20102,False,False,20102,PASIVOS POR CONTRATOS DE ARRENDAMIENTO FINANCIEROS,account.data_account_type_current_liabilities
20103,False,False,20103,CUENTAS Y DOCUMENTOS POR PAGAR,account.data_account_type_vista
2010301,True,True,2010301,CUENTAS Y DOCUMENTOS POR PAGAR PROVEEDORES LOCALES,account.data_account_type_payable
2010302,True,True,2010302,CUENTAS Y DOCUMENTOS POR PAGAR PROVEEDORES DEL EXTERIOR,account.data_account_type_payable
20104,False,False,20104,OBLIGACIONES CON INSTITUCIONES FINANCIERAS,account.data_account_type_vista
2010401,False,False,2010401,OBLIGACIONES CON INSTITUCIONES FINANCIERAS LOCALES,account.data_account_type_current_liabilities
2010402,False,False,2010402,OBLIGACIONES CON INSTITUCIONES FINANCIERAS DEL EXTERIOR,account.data_account_type_current_liabilities
20105,False,False,20105,PROVISIONES,account.data_account_type_vista
2010501,False,False,2010501,PROVISIONES LOCALES,account.data_account_type_current_liabilities
2010502,False,False,2010502,PROVISIONES DEL EXTERIOR,account.data_account_type_current_liabilities
20106,False,False,20106,PORCIÓN CORRIENTE DE OBLIGACIONES EMITIDAS,account.data_account_type_current_liabilities
20107,False,False,20107,OTRAS OBLIGACIONES CORRIENTES,account.data_account_type_vista
2010701,False,False,2010701,CON LA ADMINISTRACIÓN TRIBUTARIA,account.data_account_type_vista
201070101,False,False,201070101,IVA VENTAS POR PAGAR,account.data_account_type_vista
20107010101,False,False,20107010101,IVA VENTAS LOCALES (EXCLUYE ACTIVOS FIJOS) GRAVADAS TARIFA 12%,account.data_account_type_current_liabilities
20107010102,False,False,20107010102,IVA VENTAS DE ACTIVOS FIJOS GRAVADAS TARIFA 12%,account.data_account_type_current_liabilities
20107010103,False,False,20107010103,IVA VENTAS LOCALES (EXCLUYE ACTIVOS FIJOS) GRAVADAS TARIFA 0% QUE NO DAN DERECHO A CREDITO TRIBUTARIO,account.data_account_type_current_liabilities
20107010104,False,False,20107010104,IVA VENTAS DE ACTIVOS FIJOS GRAVADAS TARIFA 0% QUE NO DAN DERECHO A CREDITO TRIBUTARIO,account.data_account_type_current_liabilities
20107010105,False,False,20107010105,IVA VENTAS LOCALES (EXCLUYE ACTIVOS FIJOS) GRAVADAS TARIFA 0% QUE DAN DERECHO A CREDITO TRIBUTARIO,account.data_account_type_current_liabilities
20107010106,False,False,20107010106,IVA VENTAS DE ACTIVOS FIJOS GRAVADAS TARIFA 0% QUE DAN DERECHO A CREDITO TRIBUTARIO,account.data_account_type_current_liabilities
20107010107,False,False,20107010107,EXPORTACIONES DE BIENES,account.data_account_type_current_liabilities
20107010108,False,False,20107010108,EXPORTACIONES DE SERVICIOS,account.data_account_type_current_liabilities
201070102,False,False,201070102,RETENCIONES IMPUESTO A LA RENTA POR PAGAR,account.data_account_type_vista
20107010201,False,False,20107010201,RET. EN RELACIÓN DE DEPENDENCIA QUE SUPERA O NO LA BASE DESGRAVADA,account.data_account_type_current_liabilities
20107010202,False,False,20107010202,RET. HONORARIOS PROFESIONALES ,account.data_account_type_current_liabilities
20107010203,False,False,20107010203,RET. PREDOMINA EL INTELECTO,account.data_account_type_current_liabilities
20107010204,False,False,20107010204,RET. PREDOMINA MANO DE OBRA,account.data_account_type_current_liabilities
20107010205,False,False,20107010205,RET. SERVICIOS UTILIZACIÓN O APROVECHAMIENTO DE LA IMAGEN O RENOMBRE,account.data_account_type_current_liabilities
20107010206,False,False,20107010206,RET. PUBLICIDAD Y COMUNICACIÓN,account.data_account_type_current_liabilities
20107010207,False,False,20107010207,RET. TRANS. PRIVADO DE PASAJEROS O SERV. PÚBLICO O PRIVADO DE CARGA,account.data_account_type_current_liabilities
20107010208,False,False,20107010208,RET. TRANSFERENCIA DE BIENES MUEBLES DE NATURALEZA CORPORAL,account.data_account_type_current_liabilities
20107010209,False,False,20107010209,RET. ARRENDAMIENTO BIENES INMUEBLES,account.data_account_type_current_liabilities
20107010210,False,False,20107010210,RET. SEGUROS Y REASEGUROS (PRIMAS Y CESIONES),account.data_account_type_current_liabilities
20107010211,False,False,20107010211,RET. PAGOS DE BIENES O SERVICIOS NO SUJETOS A RETENCIÓN,account.data_account_type_current_liabilities
20107010212,False,False,20107010212,RET. APLICABLES EL 1%,account.data_account_type_current_liabilities
20107010213,False,False,20107010213,RET. APLICABLES EL 2%,account.data_account_type_current_liabilities
20107010214,False,False,20107010214,RET. APLICABLES EL 8%,account.data_account_type_current_liabilities
20107010215,False,False,20107010215,RET. APLICABLES OTROS PORCENTAJES,account.data_account_type_current_liabilities
20107010216,False,False,20107010216,RETENCIONES A FAVOR DEL IMPUESTO A LA RENTA,account.data_account_type_current_liabilities
20107010217,False,False,20107010217,RETENCIONES A FAVOR SERVICIOS,account.data_account_type_current_liabilities
201070103,False,False,201070103,RETENCIONES IMPUESTO IVA POR PAGAR,account.data_account_type_vista
20107010301,False,False,20107010301,RETENCION IVA POR PAGAR 10%,account.data_account_type_current_liabilities
20107010302,False,False,20107010302,RETENCION IVA POR PAGAR 20%,account.data_account_type_current_liabilities
20107010303,False,False,20107010303,RETENCION IVA POR PAGAR 30%,account.data_account_type_current_liabilities
20107010304,False,False,20107010304,RETENCION IVA POR PAGAR 70%,account.data_account_type_current_liabilities
20107010305,False,False,20107010305,RETENCION IVA POR PAGAR 100%,account.data_account_type_current_liabilities
2010702,False,False,2010702,IMPUESTO A LA RENTA POR PAGAR DEL EJERCICIO,account.data_account_type_current_liabilities
2010703,False,False,2010703,CON EL IESS,account.data_account_type_vista
201070301,False,False,201070301,APORTE INDIVIDUAL POR PAGAR (9.45%),account.data_account_type_current_liabilities
201070302,False,False,201070302,APORTE PATRONAL POR PAGAR (12.15%),account.data_account_type_current_liabilities
201070303,False,False,201070303,PRESTAMOS QUIROGRAFARIOS POR PAGAR,account.data_account_type_current_liabilities
201070304,False,False,201070304,IECE POR PAGAR,account.data_account_type_current_liabilities
201070305,False,False,201070305,SECAP POR PAGAR,account.data_account_type_current_liabilities
201070306,False,False,201070306,PRESTAMOS HIPOTECARIOS POR PAGAR,account.data_account_type_current_liabilities
201070307,False,False,201070307,EXTENSION DE SALUD CONYUGES POR PAGAR,account.data_account_type_current_liabilities
2010704,False,False,2010704,POR BENEFICIOS DE LEY A EMPLEADOS,account.data_account_type_vista
201070401,False,False,201070401,DECIMO TERCER SUELDO POR PAGAR,account.data_account_type_current_liabilities
201070402,False,False,201070402,DECIMO CUARTO SUELDO POR PAGAR,account.data_account_type_current_liabilities
201070403,False,False,201070403,FONDOS DE RESERVA POR PAGAR,account.data_account_type_current_liabilities
201070404,False,False,201070404,VACACIONES,account.data_account_type_current_liabilities
201070405,False,False,201070405,DESAHUCIO POR PAGAR,account.data_account_type_current_liabilities
2010705,False,False,2010705,PARTICIPACIÓN TRABAJADORES POR PAGAR DEL EJERCICIO,account.data_account_type_current_liabilities
2010706,False,False,2010706,DIVIDENDOS POR PAGAR,account.data_account_type_current_liabilities
20108,False,False,20108,CUENTAS POR PAGAR DIVERSAS – RELACIONADAS,account.data_account_type_current_liabilities
20109,False,False,20109,OTROS PASIVOS FINANCIEROS,account.data_account_type_current_liabilities
20110,True,True,20110,ANTICIPOS DE CLIENTES,account.data_account_type_current_liabilities
20111,False,False,20111,PASIVOS DIRECTAMENTE ASOCIADOS CON LOS ACTIVOS NO CORRIENTES Y OPERACIONES DISCONTINUADAS,account.data_account_type_current_liabilities
20112,False,False,20112,PORCION CORRIENTE DE PROVISIONES POR BENEFICIOS A EMPLEADOS,account.data_account_type_vista
2011201,False,False,2011201,JUBILACIÓN PATRONAL,account.data_account_type_current_liabilities
2011202,False,False,2011202,OTROS BENEFICIOS A LARGO PLAZO PARA LOS EMPLEADOS,account.data_account_type_current_liabilities
20113,False,False,20113,OTROS PASIVOS CORRIENTES,account.data_account_type_vista
2011301,False,False,2011301,DEPOSITOS POR IDENTIFICAR,account.data_account_type_current_liabilities
202,False,False,202,PASIVO NO CORRIENTE,account.data_account_type_vista
20201,False,False,20201,PASIVOS POR CONTRATOS DE ARRENDAMIENTO FINANCIERO,account.data_account_type_non_current_liabilities
20202,False,False,20202,CUENTAS Y DOCUMENTOS POR PAGAR,account.data_account_type_vista
2020201,False,False,2020201,CUENTAS Y DOCUMENTOS POR PAGAR LOCALES,account.data_account_type_non_current_liabilities
2020202,False,False,2020202,CUENTAS Y DOCUMENTOS POR PAGAR DEL EXTERIOR,account.data_account_type_non_current_liabilities
20203,False,False,20203,OBLIGACIONES CON INSTITUCIONES FINANCIERAS,account.data_account_type_vista
2020301,False,False,2020301,OBLIGACIONES CON INSTITUCIONES FINANCIERAS LOCALES,account.data_account_type_non_current_liabilities
2020302,False,False,2020302,OBLIGACIONES CON INSTITUCIONES FINANCIERAS DEL EXTERIOR,account.data_account_type_non_current_liabilities
20204,False,False,20204,CUENTAS POR PAGAR DIVERSAS / RELACIONADAS,account.data_account_type_vista
2020401,False,False,2020401,CUENTAS POR PAGAR DIVERSAS / RELACIONADAS LOCALES,account.data_account_type_non_current_liabilities
2020402,False,False,2020402,CUENTAS POR PAGAR DIVERSAS / RELACIONADAS DEL EXTERIOR,account.data_account_type_non_current_liabilities
20205,False,False,20205,OBLIGACIONES EMITIDAS,account.data_account_type_non_current_liabilities
20206,True,True,20206,ANTICIPOS DE CLIENTES,account.data_account_type_non_current_liabilities
20207,False,False,20207,PROVISIONES POR BENEFICIOS A EMPLEADOS,account.data_account_type_vista
2020701,False,False,2020701,JUBILACIÓN PATRONAL,account.data_account_type_non_current_liabilities
2020702,False,False,2020702,OTROS BENEFICIOS NO CORRIENTES PARA LOS EMPLEADOS,account.data_account_type_non_current_liabilities
20208,False,False,20208,OTRAS PROVISIONES,account.data_account_type_non_current_liabilities
20209,False,False,20209,PASIVO DIFERIDO,account.data_account_type_vista
2020901,False,False,2020901,INGRESOS DIFERIDOS,account.data_account_type_non_current_liabilities
2020902,False,False,2020902,PASIVOS POR IMPUESTOS DIFERIDOS,account.data_account_type_non_current_liabilities
20210,False,False,20210,OTROS PASIVOS NO CORRIENTES,account.data_account_type_non_current_liabilities
3,False,False,3,PATRIMONIO NETO,account.data_account_type_vista
301,False,False,301,CAPITAL,account.data_account_type_vista
30101,False,False,30101,CAPITAL SUSCRITO o ASIGNADO,account.data_account_type_equity
30102,False,False,30102,"(-) CAPITAL SUSCRITO NO PAGADO, ACCIONES EN TESORERÍA",account.data_account_type_equity
302,False,False,302,APORTES DE SOCIOS O ACCIONISTAS PARA FUTURA CAPITALIZACIÓN,account.data_account_type_equity
303,False,False,303,PRIMA POR EMISION PRIMARIA DE ACCIONES,account.data_account_type_equity
304,False,False,304,RESERVAS,account.data_account_type_vista
30401,False,False,30401,RESERVA LEGAL,account.data_account_type_equity
30402,False,False,30402,RESERVAS FACULTATIVA Y ESTATUTARIA,account.data_account_type_equity
305,False,False,305,OTROS RESULTADOS INTEGRALES,account.data_account_type_vista
30501,False,False,30501,SUPERAVIT DE ACTIVOS FINANCIEROS DISPONIBLES PARA LA VENTA,account.data_account_type_equity
30502,False,False,30502,"SUPERAVIT POR REVALUACIÓN DE PROPIEDADES, PLANTA Y EQUIPO",account.data_account_type_equity
30503,False,False,30503,SUPERAVIT POR REVALUACION DE ACTIVOS INTANGIBLES,account.data_account_type_equity
30504,False,False,30504,OTROS SUPERAVIT POR REVALUACION,account.data_account_type_equity
306,False,False,306,RESULTADOS ACUMULADOS,account.data_account_type_vista
30601,False,False,30601,GANACIAS ACUMULADAS,account.data_account_type_equity
30602,False,False,30602,(-) PÉRDIDAS ACUMULADAS,account.data_account_type_equity
30603,False,False,30603,RESULTADOS ACUMULADOS PROVENIENTES DE LA ADOPCIÓN POR PRIMERA VEZ DE LAS NIIF,account.data_account_type_equity
30604,False,False,30604,RESERVA DE CAPITAL,account.data_account_type_equity
30605,False,False,30605,RESERVA POR DONACIONES,account.data_account_type_equity
30606,False,False,30606,RESERVA POR VALUACIÓN,account.data_account_type_equity
30607,False,False,30607,SUPERÁVIT POR REVALUACIÓN DE INVERSIONES,account.data_account_type_equity
307,False,False,307,RESULTADOS DEL EJERCICIO,account.data_account_type_vista
30701,False,False,30701,GANANCIA NETA DEL PERIODO,account.data_account_type_equity
30702,False,False,30702,(-) PÉRDIDA NETA DEL PERIODO,account.data_account_type_equity
31,False,False,31,PARTICIPACIÓN NO CONTROLADORA,account.data_account_type_equity
4,False,False,4,INGRESOS,account.data_account_type_vista
41,False,False,41,INGRESOS DE ACTIVIDADES ORDINARIAS,account.data_account_type_vista
4101,False,False,4101,VENTA DE BIENES,account.data_account_type_revenue
4102,False,False,4102,PRESTACIÓN DE SERVICIOS,account.data_account_type_revenue
4103,False,False,4103,CONTRATOS DE CONSTRUCCIÓN,account.data_account_type_revenue
4104,False,False,4104,SUBVENCIONES DEL GOBIERNO,account.data_account_type_revenue
4105,False,False,4105,REGALÍAS,account.data_account_type_revenue
4106,False,False,4106,INTERESES,account.data_account_type_vista
410601,False,False,410601,INTERESES GENERADOS POR VENTAS A CRÉDITO,account.data_account_type_revenue
410602,False,False,410602,OTROS INTERESES GENERADOS,account.data_account_type_revenue
4107,False,False,4107,DIVIDENDOS,account.data_account_type_revenue
4108,False,False,4108,GANANCIA POR MEDICIÓN A VALOR RAZONABLE DE ACTIVOS BIOLÓGICOS,account.data_account_type_revenue
4109,False,False,4109,OTROS INGRESOS DE ACTIVIDADES ORDINARIAS,account.data_account_type_revenue
4110,False,False,4110,(-) DESCUENTO EN VENTAS,account.data_account_type_revenue
4111,False,False,4111,(-) DEVOLUCIONES EN VENTAS,account.data_account_type_revenue
4112,False,False,4112,(-) BONIFICACIÓN EN PRODUCTO,account.data_account_type_revenue
4113,False,False,4113,(-) OTRAS REBAJAS COMERCIALES,account.data_account_type_revenue
42,False,False,42,GANANCIA BRUTA,account.data_account_type_revenue
43,False,False,43,OTROS INGRESOS,account.data_account_type_vista
4301,False,False,4301,DIVIDENDOS,account.data_account_type_other_income
4302,False,False,4302,INTERESES FINANCIEROS,account.data_account_type_other_income
4303,False,False,4303,GANANCIA EN INVERSIONES EN ASOCIADAS / SUBSIDIARIAS Y OTRAS,account.data_account_type_other_income
4304,False,False,4304,VALUACIÓN DE INSTRUMENTOS FINANCIEROS A VALOR RAZONABLE CON CAMBIO EN RESULTADOS,account.data_account_type_other_income
4305,False,False,4305,OTRAS RENTAS,account.data_account_type_vista
430501,False,False,430501,INTERESES GANADOS,account.data_account_type_other_income
430502,False,False,430502,PROMOCIONES DE PROVEEDORES,account.data_account_type_other_income
430503,False,False,430503,GANANCIAS POR REDONDEO,account.data_account_type_other_income
430504,False,False,430504,MULTAS EMPLEADOS,account.data_account_type_other_income
430505,False,False,430505,OTROS INGRESOS GENERALES,account.data_account_type_other_income
430506,False,False,430506,INGRESOS DIFERIDOS,account.data_account_type_other_income
5,False,False,5,COSTOS Y GASTOS,account.data_account_type_vista
51,False,False,51,COSTO DE VENTAS Y PRODUCCIÓN,account.data_account_type_vista
5101,False,False,5101,MATERIALES UTILIZADOS O PRODUCTOS VENDIDOS,account.data_account_type_vista
510101,False,False,510101,(+) INVENTARIO INICIAL DE BIENES NO PRODUCIDOS POR LA COMPAÑÍA,account.data_account_type_direct_costs
510102,False,False,510102,(+) COMPRAS NETAS LOCALES DE BIENES NO PRODUCIDOS POR LA COMPAÑÍA,account.data_account_type_direct_costs
510103,False,False,510103,(+) IMPORTACIONES DE BIENES NO PRODUCIDOS POR LA COMPAÑÍA,account.data_account_type_direct_costs
510104,False,False,510104,(-) INVENTARIO FINAL DE BIENES NO PRODUCIDOS POR LA COMPAÑÍA,account.data_account_type_direct_costs
510105,False,False,510105,(+) INVENTARIO INICIAL DE MATERIA PRIMA,account.data_account_type_direct_costs
510106,False,False,510106,(+) COMPRAS NETAS LOCALES DE MATERIA PRIMA,account.data_account_type_direct_costs
510107,False,False,510107,(+) IMPORTACIONES DE MATERIA PRIMA,account.data_account_type_direct_costs
510108,False,False,510108,(-) INVENTARIO FINAL DE MATERIA PRIMA,account.data_account_type_direct_costs
510109,False,False,510109,(+) INVENTARIO INICIAL DE PRODUCTOS EN PROCESO,account.data_account_type_direct_costs
510110,False,False,510110,(-) INVENTARIO FINAL DE PRODUCTOS EN PROCESO,account.data_account_type_direct_costs
510111,False,False,510111,(+) INVENTARIO INICIAL PRODUCTOS TERMINADOS,account.data_account_type_direct_costs
510112,False,False,510112,(-) INVENTARIO FINAL DE PRODUCTOS TERMINADOS,account.data_account_type_direct_costs
5102,False,False,5102,(+) MANO DE OBRA DIRECTA,account.data_account_type_vista
510201,False,False,510201,SUELDOS Y BENEFICIOS SOCIALES,account.data_account_type_direct_costs
510202,False,False,510202,GASTO PLANES DE BENEFICIOS A EMPLEADOS,account.data_account_type_direct_costs
5103,False,False,5103,(+) MANO DE OBRA INDIRECTA,account.data_account_type_vista
510301,False,False,510301,SUELDOS Y BENEFICIOS SOCIALES,account.data_account_type_vista
51030101,False,False,51030101,SUELDO BÁSICO,account.data_account_type_direct_costs
51030102,False,False,51030102,DECIMO TERCER SUELDO,account.data_account_type_direct_costs
51030103,False,False,51030103,DECIMO CUARTO SUELDO,account.data_account_type_direct_costs
51030104,False,False,51030104,FONDOS DE RESERVA,account.data_account_type_direct_costs
51030105,False,False,51030105,VACACIONES,account.data_account_type_direct_costs
51030106,False,False,51030106,DESAHUCIO,account.data_account_type_direct_costs
510302,False,False,510302,GASTO PLANES DE BENEFICIOS A EMPLEADOS,account.data_account_type_direct_costs
5104,False,False,5104,(+) OTROS COSTOS INDIRECTOS DE FABRICACION,account.data_account_type_vista
510401,False,False,510401,"DEPRECIACIÓN PROPIEDADES, PLANTA Y EQUIPO",account.data_account_type_direct_costs
510402,False,False,510402,DETERIORO O PÉRDIDAS DE ACTIVOS BIOLÓGICOS,account.data_account_type_direct_costs
510403,False,False,510403,"DETERIORO DE PROPIEDAD, PLANTA Y EQUIPO",account.data_account_type_direct_costs
510404,False,False,510404,EFECTO VALOR NETO DE REALIZACIÓN DE INVENTARIOS,account.data_account_type_direct_costs
510405,False,False,510405,GASTO POR GARANTÍAS EN VENTA DE PRODUCTOS O SERVICIOS,account.data_account_type_direct_costs
510406,False,False,510406,MANTENIMIENTO Y REPARACIONES,account.data_account_type_direct_costs
510407,False,False,510407,SUMINISTROS MATERIALES Y REPUESTOS,account.data_account_type_vista
51040701,False,False,51040701,SUMINISTROS DE OFICINA,account.data_account_type_direct_costs
51040702,False,False,51040702,SUMINISTROS DE LIMPIEZA,account.data_account_type_direct_costs
51040703,False,False,51040703,REPUESTOS DE VEHÍCULOS,account.data_account_type_direct_costs
510408,False,False,510408,OTROS COSTOS DE PRODUCCIÓN,account.data_account_type_vista
51040801,False,False,51040801,COSTO DE VENTAS,account.data_account_type_expenses
52,False,False,52,GASTOS,account.data_account_type_vista
5201,False,False,5201,GASTOS DE VENTA,account.data_account_type_vista
520101,False,False,520101,"SUELDOS, SALARIOS Y DEMÁS REMUNERACIONES",account.data_account_type_vista
52010101,False,False,52010101,SUELDOS Y SALARIOS,account.data_account_type_expenses
52010102,False,False,52010102,HORAS EXTRAS,account.data_account_type_expenses
52010103,False,False,52010103,COMISIONES,account.data_account_type_expenses
52010104,False,False,52010104,BONIFICACIONES,account.data_account_type_expenses
520102,False,False,520102,APORTES A LA SEGURIDAD SOCIAL (incluido fondo de reserva),account.data_account_type_vista
52010201,False,False,52010201,APORTE PATRONAL,account.data_account_type_expenses
52010202,False,False,52010202,IECE,account.data_account_type_expenses
52010203,False,False,52010203,SECAP,account.data_account_type_expenses
520103,False,False,520103,BENEFICIOS SOCIALES E INDEMNIZACIONES,account.data_account_type_vista
52010301,False,False,52010301,DECIMO TERCER SUELDO,account.data_account_type_expenses
52010302,False,False,52010302,DECIMO CUARTO SUELDO,account.data_account_type_expenses
52010303,False,False,52010303,FONDOS DE RESERVA,account.data_account_type_expenses
52010304,False,False,52010304,VACACIONES,account.data_account_type_expenses
52010305,False,False,52010305,DESAHUCIO,account.data_account_type_expenses
520104,False,False,520104,GASTO PLANES DE BENEFICIOS A EMPLEADOS,account.data_account_type_expenses
520105,False,False,520105,"HONORARIOS, COMISIONES Y DIETAS A PERSONAS NATURALES",account.data_account_type_expenses
520106,False,False,520106,REMUNERACIONES A OTROS TRABAJADORES AUTÓNOMOS,account.data_account_type_expenses
520107,False,False,520107,HONORARIOS A EXTRANJEROS POR SERVICIOS OCASIONALES,account.data_account_type_expenses
520108,False,False,520108,MANTENIMIENTO Y REPARACIONES,account.data_account_type_vista
52010801,False,False,52010801,MANTENIMIENTO DE LOCAL COMERCIAL,account.data_account_type_expenses
52010802,False,False,52010802,MANTENIMIENTO DE VEHÍCULOS,account.data_account_type_expenses
520109,False,False,520109,ARRENDAMIENTO OPERATIVO,account.data_account_type_vista
52010901,False,False,52010901,ARRIENDO LOCAL COMERCIAL,account.data_account_type_expenses
520110,False,False,520110,COMISIONES,account.data_account_type_expenses
520111,False,False,520111,PROMOCIÓN Y PUBLICIDAD,account.data_account_type_expenses
520112,False,False,520112,COMBUSTIBLES,account.data_account_type_expenses
520113,False,False,520113,LUBRICANTES,account.data_account_type_expenses
520114,False,False,520114,SEGUROS Y REASEGUROS (primas y cesiones),account.data_account_type_expenses
520115,False,False,520115,TRANSPORTE,account.data_account_type_expenses
520116,False,False,520116,"GASTOS DE GESTIÓN (agasajos a accionistas, trabajadores y clientes)",account.data_account_type_expenses
520117,False,False,520117,GASTOS DE VIAJE,account.data_account_type_expenses
520118,False,False,520118,"AGUA, ENERGÍA, LUZ Y TELECOMUNICACIONES",account.data_account_type_vista
52011801,False,False,52011801,AGUA,account.data_account_type_expenses
52011802,False,False,52011802,ENERGÍA ELÉCTRICA,account.data_account_type_expenses
52011803,False,False,52011803,TELECOMUNICACIONES,account.data_account_type_vista
5201180301,False,False,5201180301,TELÉFONO,account.data_account_type_expenses
5201180302,False,False,5201180302,PLAN CELULAR,account.data_account_type_expenses
5201180303,False,False,5201180303,INTERNET,account.data_account_type_expenses
5201180304,False,False,5201180304,PLAN DE TRANSMISIÓN DE DATOS,account.data_account_type_expenses
520119,False,False,520119,NOTARIOS Y REGISTRADORES DE LA PROPIEDAD O MERCANTILES,account.data_account_type_expenses
520121,False,False,520121,DEPRECIACIONES,account.data_account_type_vista
52012101,False,False,52012101,"PROPIEDADES, PLANTA Y EQUIPO",account.data_account_type_depreciation
52012102,False,False,52012102,PROPIEDADES DE INVERSIÓN,account.data_account_type_depreciation
520122,False,False,520122,AMORTIZACIONES,account.data_account_type_vista
52012201,False,False,52012201,INTANGIBLES,account.data_account_type_depreciation
52012202,False,False,52012202,OTROS ACTIVOS,account.data_account_type_depreciation
520123,False,False,520123,GASTO DETERIORO,account.data_account_type_vista
52012301,False,False,52012301,"PROPIEDADES, PLANTA Y EQUIPO",account.data_account_type_depreciation
52012306,False,False,52012306,OTROS ACTIVOS,account.data_account_type_depreciation
520124,False,False,520124,GASTOS POR CANTIDADES ANORMALES DE UTILIZACIÓN EN EL PROCESO DE PRODUCCIÓN,account.data_account_type_vista
52012401,False,False,52012401,MANO DE OBRA,account.data_account_type_expenses
52012402,False,False,52012402,MATERIALES,account.data_account_type_expenses
52012403,False,False,52012403,COSTOS DE PRODUCCIÓN,account.data_account_type_expenses
520125,False,False,520125,GASTO POR REESTRUCTURACIÓN,account.data_account_type_expenses
520126,False,False,520126,VALOR NETO DE REALIZACIÓN DE INVENTARIOS,account.data_account_type_expenses
520128,False,False,520128,OTROS GASTOS,account.data_account_type_expenses
5202,False,False,5202,GASTOS ADMINISTRATIVOS,account.data_account_type_vista
520201,False,False,520201,"SUELDOS, SALARIOS Y DEMÁS REMUNERACIONES",account.data_account_type_vista
52020101,False,False,52020101,SUELDOS Y SALARIOS,account.data_account_type_expenses
52020102,False,False,52020102,HORAS EXTRAS,account.data_account_type_expenses
52020103,False,False,52020103,COMISIONES,account.data_account_type_expenses
52020104,False,False,52020104,BONIFICACIONES,account.data_account_type_expenses
520202,False,False,520202,APORTES A LA SEGURIDAD SOCIAL (incluido fondo de reserva),account.data_account_type_vista
52020201,False,False,52020201,APORTE PATRONAL,account.data_account_type_expenses
52020202,False,False,52020202,IECE,account.data_account_type_expenses
52020203,False,False,52020203,SECAP,account.data_account_type_expenses
520203,False,False,520203,BENEFICIOS SOCIALES E INDEMNIZACIONES,account.data_account_type_vista
52020301,False,False,52020301,DECIMO TERCER SUELDO,account.data_account_type_expenses
52020302,False,False,52020302,DECIMO CUARTO SUELDO,account.data_account_type_expenses
52020303,False,False,52020303,FONDOS DE RESERVA,account.data_account_type_expenses
52020304,False,False,52020304,VACACIONES,account.data_account_type_expenses
52020305,False,False,52020305,DESAHUCIO,account.data_account_type_expenses
520204,False,False,520204,GASTO PLANES DE BENEFICIOS A EMPLEADOS,account.data_account_type_expenses
520205,False,False,520205,"HONORARIOS, COMISIONES Y DIETAS A PERSONAS NATURALES",account.data_account_type_vista
52020501,False,False,52020501,HONORARIOS PROFESIONALES,account.data_account_type_expenses
520206,False,False,520206,REMUNERACIONES A OTROS TRABAJADORES AUTÓNOMOS,account.data_account_type_expenses
520207,False,False,520207,HONORARIOS A EXTRANJEROS POR SERVICIOS OCASIONALES,account.data_account_type_expenses
520208,False,False,520208,MANTENIMIENTO Y REPARACIONES,account.data_account_type_vista
52020801,False,False,52020801,MANTENIMIENTO DE LOCAL COMERCIAL,account.data_account_type_expenses
52020802,False,False,52020802,MANTENIMIENTO DE VEHÍCULOS,account.data_account_type_expenses
520209,False,False,520209,ARRENDAMIENTO OPERATIVO,account.data_account_type_expenses
520210,False,False,520210,COMISIONES,account.data_account_type_expenses
520212,False,False,520212,COMBUSTIBLES,account.data_account_type_expenses
520213,False,False,520213,LUBRICANTES,account.data_account_type_expenses
520214,False,False,520214,SEGUROS Y REASEGUROS (primas y cesiones),account.data_account_type_expenses
520215,False,False,520215,TRANSPORTE,account.data_account_type_expenses
520216,False,False,520216,"GASTOS DE GESTIÓN (agasajos a accionistas, trabajadores y clientes)",account.data_account_type_expenses
520217,False,False,520217,GASTOS DE VIAJE,account.data_account_type_expenses
520218,False,False,520218,"AGUA, ENERGÍA, LUZ Y TELECOMUNICACIONES",account.data_account_type_vista
52021801,False,False,52021801,AGUA,account.data_account_type_expenses
52021802,False,False,52021802,ENERGÍA ELÉCTRICA,account.data_account_type_expenses
52021803,False,False,52021803,TELECOMUNICACIONES,account.data_account_type_vista
5202180301,False,False,5202180301,TELÉFONO,account.data_account_type_expenses
5202180302,False,False,5202180302,PLAN CELULAR,account.data_account_type_expenses
5202180303,False,False,5202180303,INTERNET,account.data_account_type_expenses
5202180304,False,False,5202180304,PLAN DE TRANSMISIÓN DE DATOS,account.data_account_type_expenses
520219,False,False,520219,NOTARIOS Y REGISTRADORES DE LA PROPIEDAD O MERCANTILES,account.data_account_type_expenses
520220,False,False,520220,"IMPUESTOS, CONTRIBUCIONES Y OTROS",account.data_account_type_vista
52022001,False,False,52022001,IMPUESTOS CONTRIBUCIONES Y MULTAS,account.data_account_type_expenses
52022003,False,False,52022003,IMPUESTO A LA RENTA,account.data_account_type_expenses
52022004,False,False,52022004,IMPUESTO PATENTE MUNICIPAL,account.data_account_type_expenses
52022005,False,False,52022005,IMPUESTO 1.5 POR MIL ACTIVOS TOTALES,account.data_account_type_expenses
52022006,False,False,52022006,IMPUESTO FISCAL MATRICULACION,account.data_account_type_expenses
52022007,False,False,52022007,IMPUESTO AL RODAJE,account.data_account_type_expenses
52022008,False,False,52022008,TASA DE LA DIRECCION TRANSITO,account.data_account_type_expenses
52022009,False,False,52022009,PERMISO CUERPO DE BOMBEROS,account.data_account_type_expenses
52022010,False,False,52022010,MULTA PRESTAMOS,account.data_account_type_expenses
52022011,False,False,52022011,CONTRIBUCIONES,account.data_account_type_expenses
52022012,False,False,52022012,CONTRIBUCION SUPERINTENDENCIA DE COMPAÑIAS,account.data_account_type_expenses
52022013,False,False,52022013,CONTRIBUCION CAMARA DE COMERCIO,account.data_account_type_expenses
52022014,False,False,52022014,CONTRIBUCION SOLCA 0.5%,account.data_account_type_expenses
52022016,False,False,52022016,MULTAS FISCALES,account.data_account_type_expenses
52022017,False,False,52022017,MULTAS MUNICIPALES,account.data_account_type_expenses
52022018,False,False,52022018,MULTAS PATRONALES,account.data_account_type_expenses
520221,False,False,520221,DEPRECIACIONES,account.data_account_type_vista
52022101,False,False,52022101,"DEPRECIACIONES PROPIEDADES, PLANTA Y EQUIPO",account.data_account_type_depreciation
52022102,False,False,52022102,DEPRECIACIONES PROPIEDADES DE INVERSIÓN,account.data_account_type_depreciation
520222,False,False,520222,AMORTIZACIONES,account.data_account_type_vista
52022201,False,False,52022201,AMORTIZACIONES INTANGIBLES,account.data_account_type_expenses
52022202,False,False,52022202,AMORTIZACIONES OTROS ACTIVOS,account.data_account_type_expenses
520223,False,False,520223,GASTO DETERIORO,account.data_account_type_vista
52022301,False,False,52022301,"GASTO DETERIORO PROPIEDADES, PLANTA Y EQUIPO",account.data_account_type_depreciation
52022302,False,False,52022302,GASTO DETERIORO INVENTARIOS,account.data_account_type_depreciation
52022303,False,False,52022303,GASTO DETERIORO INSTRUMENTOS FINANCIEROS,account.data_account_type_depreciation
52022304,False,False,52022304,GASTO DETERIORO INTANGIBLES,account.data_account_type_depreciation
52022305,False,False,52022305,GASTO DETERIORO CUENTAS POR COBRAR,account.data_account_type_depreciation
52022306,False,False,52022306,GASTO DETERIORO OTROS ACTIVOS,account.data_account_type_depreciation
520224,False,False,520224,GASTOS POR CANTIDADES ANORMALES DE UTILIZACION EN EL PROCESO DE PRODUCCIÓN,account.data_account_type_vista
52022401,False,False,52022401,MANO DE OBRA,account.data_account_type_expenses
52022402,False,False,52022402,MATERIALES,account.data_account_type_expenses
52022403,False,False,52022403,COSTOS DE PRODUCCIÓN,account.data_account_type_expenses
520225,False,False,520225,GASTO POR REESTRUCTURACIÓN,account.data_account_type_expenses
520226,False,False,520226,VALOR NETO DE REALIZACIÓN DE INVENTARIOS,account.data_account_type_expenses
520227,False,False,520227,GASTO IMPUESTO A LA RENTA (ACTIVOS Y PASIVOS DIFERIDOS),account.data_account_type_expenses
520228,False,False,520228,OTROS GASTOS,account.data_account_type_expenses
5203,False,False,5203,GASTOS FINANCIEROS,account.data_account_type_vista
520301,False,False,520301,INTERESES,account.data_account_type_expenses
520302,False,False,520302,COMISIONES,account.data_account_type_expenses
520303,False,False,520303,GASTOS DE FINANCIAMIENTO DE ACTIVOS,account.data_account_type_expenses
520304,False,False,520304,DIFERENCIA EN CAMBIO,account.data_account_type_expenses
520305,False,False,520305,OTROS GASTOS FINANCIEROS,account.data_account_type_expenses
5204,False,False,5204,OTROS GASTOS,account.data_account_type_vista
520401,False,False,520401,PERDIDA EN INVERSIONES EN ASOCIADAS / SUBSIDIARIAS Y OTRAS,account.data_account_type_expenses
520402,False,False,520402,OTROS,account.data_account_type_vista
52040201,False,False,52040201,DESADUANIZACION DE MERCADERIAS,account.data_account_type_expenses
52040202,False,False,52040202,SALVAGUARDIAS EN IMPORTACIONES,account.data_account_type_expenses
52040203,False,False,52040203,FLETES DE MERCADERIAS,account.data_account_type_expenses
52040204,False,False,52040204,IMPUESTOS Y COMISIONES POR GIROS AL EXTERIOR,account.data_account_type_expenses
52040205,False,False,52040205,COSTO DE VENTAS DIFERIDO,account.data_account_type_expenses
52040206,False,False,52040206,UNIFORMES,account.data_account_type_expenses
52040207,False,False,52040207,ALIMENTOS Y REFIGERIOS,account.data_account_type_expenses
52040208,False,False,52040208,GASTOS MEDICOS SEGURIDAD Y SALUD,account.data_account_type_expenses
52040209,False,False,52040209,SERVICIO DE MONITOREO Y SEGURIDAD,account.data_account_type_expenses
52040210,False,False,52040210,CORREOS Y  CURIERS,account.data_account_type_expenses
52040211,False,False,52040211,SERVICIOS DE POS TARJETAS DE CREDITO,account.data_account_type_expenses
52040212,False,False,52040212,GARAGE,account.data_account_type_expenses
52040213,False,False,52040213,SERVICIO CUSTODIA DOC Y FACT EN LINEA,account.data_account_type_expenses
52040214,False,False,52040214,SERVICIO DE CORREO ELECTRONICO,account.data_account_type_expenses
52040215,False,False,52040215,COMPRA Y RENOVACIÓN DE CERTIFICADO DIGITAL,account.data_account_type_expenses
52040216,False,False,52040216,COMPRA Y RENOVACIÓN DE HOSTING,account.data_account_type_expenses
52040217,False,False,52040217,COMPRA Y RENOVACIÓN DE DOMINIO,account.data_account_type_expenses
